Name,Date
From The Desk Of A Trader #2.md,12-04-2022
"A Tale of Yak Shaving- Accidentally Making a Language, for an Engine, for a Game.md",12-04-2022
A beginner's guide to social tokens.md,12-04-2022
A Complete Guide to Radix and the XRD token..md,12-04-2022
#95- Are you baby- A litmus test.md,12-04-2022
Building data-centric apps with a reactive relational database.md,12-04-2022
"When your manager isn't supporting you, build a Voltron.md",12-04-2022
A beginner’s guide to DAOs.md,12-02-2022
Why I got a PhD at age 61.md,12-04-2022
How Elizabeth Loftus Changed the Meaning of Memory.md,12-04-2022
How Women-and Their Hair-Transformed South Korea.md,12-04-2022
The True Sources of DeFi Yield.md,12-04-2022
Choose Your Status Game Wisely.md,12-04-2022
#42- Are you nice or kind-.md,12-04-2022
Detecting silent errors in the wild- Combining two novel approaches to quickly detect silent data corruptions at scale.md,12-04-2022
Gas flaring- Bitcoin fixes this.md,12-04-2022
Michelle Bu - Payments Products Tech Lead at Stripe.md,12-04-2022
Code rewrites and joint cognitive systems.md,12-04-2022
The Classpath is a Lie.md,12-04-2022
Why Maple Finance's Milkshakes Will Bring All.md,12-04-2022
"When the Mongols Set Out to Conquer the World, There Was Only One Limiting Factor- Grass.md",12-04-2022
"3-2-1- Handling challenges, living authentically, and giving value.md",12-04-2022
Déjà Brew.md,12-04-2022
Why Don't More Languages Offer Flow Typing-.md,12-04-2022
Is Web3 a Solution Seeking a Problem-.md,12-04-2022
The Huge Endeavor to Produce a Tiny Microchip.md,12-04-2022
Don't Write Just in Plain Text.md,12-04-2022
Tenacity and life lessons through the 33- rule.md,12-04-2022
The Career Success Guide.md,12-04-2022
How Covid Stole Our Time and How We Can Get It Back.md,12-04-2022
Two vexing problems in functional programming.md,12-04-2022
Apple Is in a League of Its Own.md,12-04-2022
Life is Short.md,12-04-2022
Are we running out of resources-.md,12-04-2022
How Philosophers Think.md,12-04-2022
Notes on Work.md,12-04-2022
"Farewell, Big Data.md",12-04-2022
The Revised American Dream.md,12-04-2022
There's never been such a severe shortage of homes in the U.S. Here's why.md,12-04-2022
Why You Should Start a Blog Right Now.md,12-04-2022
Michael Plant - University of Oxford.md,12-04-2022
A beginner's guide to DeFi.md,12-04-2022
